Area,BBC region,LA Region,weekly median by workplace,monthly,annual gross,Net pay per year after tax and NI,Monthly take home pay,30% of take home pay,Mean studio,Mean room in house,Mean one bed,Mean two bed,Mean studio difference,Mean room difference,Mean one bed difference,Mean two bed difference,
ENGLAND,,,532.6,2307.93,27695,21999.94,1833.33,550,641,382,694,760,-91,167.9984,-144,-210,
Hyndburn,North West,North West,454.5,1969.5,23634,19238.32,1603.19,480.96,..,271,377,415,#VALUE!,209.958,103.96,65.96,
Hartlepool,North East,North East,495.2,2145.87,25750,20677.47,1723.12,516.94,303,272,381,432,213.94,244.9368,135.94,84.94,
Sunderland,North East,North East,455.9,1975.57,23707,19287.82,1607.32,482.2,..,272,424,501,#VALUE!,210.1956,58.2,-18.8,
Blackburn with Darwen,North West,North West,413,1789.67,21476,17770.88,1480.91,444.27,..,282,400,443,#VALUE!,162.272,44.27,1.27,
Tyne and Wear MC,North East,North East,485.2,2102.53,25230,20323.87,1693.66,508.1,399,300,454,514,109.1,208.0968,54.1,-5.9,
St. Helens,North West,North West,480.1,2080.43,24965,20143.54,1678.63,503.59,.,300,388,455,#VALUE!,203.5884,115.59,48.59,
Newcastle upon Tyne,North East,North East,496,2149.33,25792,20705.76,1725.48,517.64,430,301,499,587,87.64,216.644,18.64,-69.36,
South Tyneside,North East,North East,475.8,2061.8,24742,19991.49,1665.96,499.79,..,302,398,462,#VALUE!,197.7872,101.79,37.79,
Barrow-in-Furness,North East,North West,492.8,2135.47,25626,20592.61,1716.05,514.82,..,303,380,447,#VALUE!,211.8152,134.82,67.82,
Darlington,North East,North East,484,2097.33,25168,20281.44,1690.12,507.04,320,306,365,434,187.04,201.036,142.04,73.04,
Carlisle,North East,North West,428,1854.67,22256,18301.28,1525.11,457.53,306,308,379,449,151.53,149.532,78.53,8.53,
Preston,North West,North West,435.1,1885.43,22625,18552.34,1546.03,463.81,376,310,444,539,87.81,153.8084,19.81,-75.19,
Bury,North West,North West,516.8,2239.47,26874,21441.25,1786.77,536.03,354,311,435,537,182.03,225.0312,101.03,-0.97,
NORTH EAST,,North East,484.8,2100.8,25210,20309.73,1692.48,507.74,353,318,407,471,154.74,189.7432,100.74,36.74,
Tameside,North West,North West,447.3,1938.3,23260,18983.73,1581.98,474.59,337,318,410,489,137.59,156.5932,64.59,-14.41,
Cumbria,North East,North West,499,2162.33,25948,20811.84,1734.32,520.3,343,321,407,483,177.3,199.296,113.3,37.3,
Cheshire East,North West,North West,536.6,2325.27,27903,22141.38,1845.11,553.53,389,322,468,613,164.53,231.5344,85.53,-59.47,
Redcar and Cleveland,North East,North East,505.5,2190.5,26286,21041.68,1753.47,526.04,.,323,382,475,#VALUE!,203.042,144.04,51.04,
Middlesbrough,North East,North East,467.6,2026.27,24315,19701.54,1641.79,492.54,..,327,419,466,#VALUE!,165.5384,73.54,26.54,
Wigan,North West,North West,503.4,2181.4,26177,20967.42,1747.29,524.19,383,329,371,451,141.19,195.1856,153.19,73.19,
Lancaster,North West,North West,492.7,2135.03,25620,20589.07,1715.76,514.73,511,329,445,553,3.73,185.7268,69.73,-38.27,
South Lakeland,North East,North West,518.4,2246.4,26957,21497.82,1791.49,537.45,394,334,482,589,143.45,203.4456,55.45,-51.55,
Liverpool,North West,North West,480.5,2082.17,24986,20157.68,1679.81,503.94,379,336,479,558,124.94,167.942,24.94,-54.06,
County Durham,North East,North East,480.7,2083.03,24996,20164.75,1680.4,504.12,387,338,371,418,117.12,166.1188,133.12,86.12,5
Merseyside MC,North West,North West,487.6,2112.93,25355,20408.74,1700.73,510.22,354,339,440,525,156.22,171.2184,70.22,-14.78,
Wyre,North West,North West,494,2140.67,25688,20635.04,1719.59,515.88,312,342,409,539,203.88,173.876,106.88,-23.12,
Sefton,North West,North West,471,2041,24492,19821.76,1651.81,495.54,334,342,418,549,161.54,153.544,77.54,-53.46,
Lancashire,North West,North West,479.2,2076.53,24918,20111.71,1675.98,502.79,351,343,416,493,151.79,159.7928,86.79,9.79,
NORTH WEST,North West,North West,492,2132,25584,20564.32,1713.69,514.11,384,344,454,540,130.11,170.108,60.11,-25.89,
Blackpool,North West,North West,392.4,1700.4,20405,17042.46,1420.21,426.06,330,345,403,510,96.06,81.0616,23.06,-83.94,
Trafford,North West,North West,565.6,2450.93,29411,23166.82,1930.57,579.17,431,348,547,741,148.17,231.1704,32.17,-161.83,
Northumberland,North East,North East,479.6,2078.27,24939,20125.86,1677.15,503.15,..,349,378,451,#VALUE!,154.1464,125.15,52.15,
Allerdale,North East,North West,533.1,2310.1,27721,22017.62,1834.8,550.44,318,354,364,455,232.44,196.4404,186.44,95.44,
Pendle,North West,North West,449.5,1947.83,23374,19061.52,1588.46,476.54,..,354,376,416,#VALUE!,122.538,100.54,60.54,
Gateshead,North East,North East,483.3,2094.3,25132,20256.69,1688.06,506.42,371,355,440,493,135.42,151.4172,66.42,13.42,
Copeland,North East,North West,714.4,3095.73,37149,28428.38,2369.03,710.71,326,355,396,472,384.71,355.7096,314.71,238.71,
Cheshire West and Chester,North West,North West,527.8,2287.13,27446,21830.21,1819.18,545.76,400,357,501,609,145.76,188.7552,44.76,-63.24,
Greater Manchester MC,North West,North West,489,2119,25428,20458.24,1704.85,511.46,427,357,506,572,84.46,154.456,5.46,-60.54,
Manchester,North West,North West,483.7,2096.03,25152,20270.83,1689.24,506.77,474,361,617,728,32.77,145.7708,-110.23,-221.23,
Oldham,North West,North West,444,1924,23088,18867.04,1572.25,471.68,295,361,437,484,176.68,110.676,34.68,-12.32,
Burnley,North West,North West,421.8,1827.8,21934,18082.05,1506.84,452.05,329,363,352,414,123.05,89.05,100.05,38.05,
Eden,North East,North West,456.7,1979.03,23748,19316.11,1609.68,482.9,322,370,406,499,160.9,112.9028,76.9,-16.1,
Chorley,North West,North West,513.5,2225.17,26702,21324.56,1777.05,533.11,307,371,396,504,226.11,162.114,137.11,29.11,
Salford,North West,North West,476.7,2065.7,24788,20023.31,1668.61,500.58,541,373,527,604,-40.42,127.5828,-26.42,-103.42,
Rochdale,North West,North West,463.4,2008.07,24097,19553.02,1629.42,488.83,321,375,388,458,167.83,113.8256,100.83,30.83,
Stockport,North West,North West,540.1,2340.43,28085,22265.14,1855.43,556.63,376,384,509,632,180.63,172.6284,47.63,-75.37,
Wirral,North West,North West,518.2,2245.53,26946,21490.75,1790.9,537.27,297,386,409,500,240.27,151.2688,128.27,37.27,
Warrington,North West,North West,545.6,2364.27,28371,22459.62,1871.63,561.49,355,389,443,548,206.49,172.4904,118.49,13.49,
West Lancashire,North West,North West,503.5,2181.83,26182,20970.96,1747.58,524.27,..,407,435,569,#VALUE!,117.274,89.27,-44.73,
Bolton,North West,North West,468.9,2031.9,24383,19747.5,1645.63,493.69,285,421,410,478,208.69,72.6876,83.69,15.69,
South Ribble,North West,North West,482.4,2090.4,25085,20224.86,1685.41,505.62,324,437,413,529,181.62,68.6216,92.62,-23.38,
Halton,North West,North West,484.7,2100.37,25204,20306.19,1692.18,507.65,473,520,419,484,34.65,-12.3452,88.65,23.65,
Fylde,North West,North West,520.1,2253.77,27045,21557.94,1796.49,538.95,306,.,421,558,232.95,#VALUE!,117.95,-19.05,
Rossendale,North West,North West,481,2084.33,25012,20175.36,1681.28,504.38,..,.,379,440,#VALUE!,#VALUE!,125.38,64.38,
Stockton-on-Tees,North East,North East,502.5,2177.5,26130,20935.6,1744.63,523.39,312,..,410,511,211.39,#VALUE!,113.39,12.39,
North Tyneside,North East,North East,498.3,2159.3,25912,20787.09,1732.26,519.68,..,..,441,512,#VALUE!,#VALUE!,78.68,7.68,
Ribble Valley,North West,North West,542.9,2352.57,28231,22364.14,1863.68,559.1,..,..,436,550,#VALUE!,#VALUE!,123.1,9.1,
Knowsley,North West,North West,474.9,2057.9,24695,19959.66,1663.31,498.99,.,..,403,496,#VALUE!,#VALUE!,95.99,2.99,
YORKSHIRE AND THE HUMBER,,York/Humb,480.5,2082.17,24986,20157.68,1679.81,503.94,373,330,434,518,130.94,173.942,69.94,-14.06,
East Riding of Yorkshire,East Yorkshire and Lincolnshire,York/Humb,501.1,2171.43,26057,20886.1,1740.51,522.15,302,287,359,465,220.15,235.1524,163.15,57.15,
Kingston upon Hull,East Yorkshire and Lincolnshire,York/Humb,445.9,1932.23,23187,18934.22,1577.85,473.36,266,334,356,411,207.36,139.3556,117.36,62.36,
North East Lincolnshire,East Yorkshire and Lincolnshire,York/Humb,448.7,1944.37,23332,19033.23,1586.1,475.83,323,331,352,446,152.83,144.8308,123.83,29.83,
North Lincolnshire,East Yorkshire and Lincolnshire,York/Humb,539.4,2337.4,28049,22240.38,1853.37,556.01,..,282,351,453,#VALUE!,274.0096,205.01,103.01,
York,Yorkshire,York/Humb,496,2149.33,25792,20705.76,1725.48,517.64,474,359,594,704,43.64,158.644,-76.36,-186.36,
North Yorkshire,Yorkshire,York/Humb,487.7,2113.37,25360,20412.27,1701.02,510.31,359,373,449,581,151.31,137.3068,61.31,-70.69,
Craven,Yorkshire,York/Humb,450.2,1950.87,23410,19086.27,1590.52,477.16,..,..,431,540,#VALUE!,#VALUE!,46.16,-62.84,
Hambleton,Yorkshire,York/Humb,479.5,2077.83,24934,20122.32,1676.86,503.06,326,..,433,544,177.06,#VALUE!,70.06,-40.94,
Harrogate,Yorkshire,York/Humb,518,2244.67,26936,21483.68,1790.31,537.09,402,413,533,712,135.09,124.092,4.09,-174.91,
Richmondshire,Yorkshire,York/Humb,518.5,2246.83,26962,21501.36,1791.78,537.53,296,.,424,510,241.53,#VALUE!,113.53,27.53,
Ryedale,Yorkshire,York/Humb,411.8,1784.47,21414,17728.45,1477.37,443.21,..,375,409,522,#VALUE!,68.2112,34.21,-78.79,
Scarborough,Yorkshire,York/Humb,467.9,2027.57,24331,19712.14,1642.68,492.8,299,358,385,494,193.8,134.8036,107.8,-1.2,
Selby,Yorkshire,York/Humb,526.5,2281.5,27378,21784.24,1815.35,544.61,316,..,387,523,228.61,#VALUE!,157.61,21.61,
South Yorkshire MC,Yorkshire,York/Humb,479.1,2076.1,24913,20108.18,1675.68,502.7,393,316,462,496,109.7,186.7044,40.7,6.7,
Barnsley,Yorkshire,York/Humb,469,2032.33,24388,19751.04,1645.92,493.78,314,320,366,416,179.78,173.776,127.78,77.78,
Doncaster,Yorkshire,York/Humb,465.5,2017.17,24206,19627.28,1635.61,490.68,384,326,411,458,106.68,164.682,79.68,32.68,
Rotherham,Yorkshire,York/Humb,481.3,2085.63,25028,20185.97,1682.16,504.65,292,311,391,460,212.65,193.6492,113.65,44.65,
Sheffield,Yorkshire,York/Humb,485.8,2105.13,25262,20345.09,1695.42,508.63,412,300,496,566,96.63,208.6272,12.63,-57.37,
West Yorkshire MC,Yorkshire,York/Humb,480,2080,24960,20140,1678.33,503.5,373,317,429,514,130.5,186.5,74.5,-10.5,
Bradford,Yorkshire,York/Humb,451.6,1956.93,23483,19135.78,1594.65,478.39,385,327,397,481,93.39,151.3944,81.39,-2.61,
Calderdale,Yorkshire,York/Humb,500.9,2170.57,26047,20879.02,1739.92,521.98,343,334,391,476,178.98,187.9756,130.98,45.98,
Kirklees,Yorkshire,York/Humb,484.2,2098.2,25178,20288.51,1690.71,507.21,316,292,387,471,191.21,215.2128,120.21,36.21,
Leeds,Yorkshire,York/Humb,501.8,2174.47,26094,20910.85,1742.57,522.77,389,321,508,641,133.77,201.7712,14.77,-118.23,
Wakefield,Yorkshire,York/Humb,460.3,1994.63,23936,19443.41,1620.28,486.09,370,296,416,489,116.09,190.0852,70.09,-2.91,
EAST MIDLANDS,,East Mids,492,2132,25584,20564.32,1713.69,514.11,362,349,435,536,152.11,165.108,79.11,-21.89,
Derby,East Midlands,East Mids,518.4,2246.4,26957,21497.82,1791.49,537.45,329,302,410,495,208.45,235.4456,127.45,42.45,
Leicester,East Midlands,East Mids,421.8,1827.8,21934,18082.05,1506.84,452.05,336,284,424,519,116.05,168.0512,28.05,-66.95,
Nottingham,East Midlands,East Mids,435,1885,22620,18548.8,1545.73,463.72,427,347,484,597,36.72,116.72,-20.28,-133.28,
Rutland,East Midlands,East Mids,558.7,2421.03,29052,22922.83,1910.24,573.07,.,.,502,620,#VALUE!,#VALUE!,71.07,-46.93,
Derbyshire,East Midlands,East Mids,504.1,2184.43,26213,20992.18,1749.35,524.8,349,377,408,504,175.8,147.8044,116.8,20.8,
Amber Valley,East Midlands,East Mids,520.1,2253.77,27045,21557.94,1796.49,538.95,..,334,381,494,#VALUE!,204.9484,157.95,44.95,
Bolsover,East Midlands,East Mids,428.1,1855.1,22261,18304.82,1525.4,457.62,..,282,374,434,#VALUE!,175.6204,83.62,23.62,
Chesterfield,East Midlands,East Mids,486.7,2109.03,25308,20376.91,1698.08,509.42,367,300,399,473,142.42,209.4228,110.42,36.42,
Derbyshire Dales,East Midlands,East Mids,552.7,2395.03,28740,22710.67,1892.56,567.77,..,.,450,567,#VALUE!,#VALUE!,117.77,0.77,
Erewash,East Midlands,East Mids,507.2,2197.87,26374,21101.79,1758.48,527.54,.,.,399,495,#VALUE!,#VALUE!,128.54,32.54,
High Peak,East Midlands,East Mids,510.9,2213.9,26567,21232.62,1769.39,530.82,359,390,424,523,171.82,140.8156,106.82,7.82,
North East Derbyshire,East Midlands,East Mids,503.7,2182.7,26192,20978.03,1748.17,524.45,317,.,393,490,207.45,#VALUE!,131.45,34.45,
South Derbyshire,East Midlands,East Mids,509.2,2206.53,26478,21172.51,1764.38,529.31,350,.,411,521,179.31,#VALUE!,118.31,8.31,
Leicestershire,East Midlands,East Mids,527,2283.67,27404,21801.92,1816.83,545.05,369,311,418,548,176.05,234.048,127.05,-2.95,
Blaby,East Midlands,East Mids,568.7,2464.37,29572,23276.43,1939.7,581.91,..,..,468,579,#VALUE!,#VALUE!,113.91,2.91,
Charnwood,East Midlands,East Mids,518.9,2248.57,26983,21515.5,1792.96,537.89,380,311,430,542,157.89,226.8876,107.89,-4.11,
Harborough,East Midlands,East Mids,574.9,2491.23,29895,23495.66,1957.97,587.39,..,.,465,606,#VALUE!,#VALUE!,122.39,-18.61,
Hinckley and Bosworth,East Midlands,East Mids,524.1,2271.1,27253,21699.38,1808.28,542.48,353,..,389,532,189.48,#VALUE!,153.48,10.48,
Melton,East Midlands,East Mids,491.6,2130.27,25563,20550.18,1712.51,513.75,300,.,384,524,213.75,#VALUE!,129.75,-10.25,
North West Leicestershire,East Midlands,East Mids,500,2166.67,26000,20847.2,1737.27,521.18,355,296,432,533,166.18,225.18,89.18,-11.82,
Oadby and Wigston,East Midlands,East Mids,452.9,1962.57,23551,19181.74,1598.48,479.54,373,..,424,562,106.54,#VALUE!,55.54,-82.46,
Lincolnshire,East Midlands,East Mids,471.8,2044.47,24534,19850.05,1654.17,496.25,343,371,411,519,153.25,125.2512,85.25,-22.75,
Boston,East Midlands,East Mids,411.2,1781.87,21382,17707.23,1475.6,442.68,356,407,441,558,86.68,35.6808,1.68,-115.32,
East Lindsey,East Midlands,East Mids,462.1,2002.43,24029,19507.06,1625.59,487.68,310,346,365,462,177.68,141.6764,122.68,25.68,
Lincoln,East Midlands,East Mids,477.9,2070.9,24851,20065.74,1672.15,501.64,339,348,444,532,162.64,153.6436,57.64,-30.36,
North Kesteven,East Midlands,East Mids,509.4,2207.4,26489,21179.58,1764.97,529.49,310,.,437,503,219.49,#VALUE!,92.49,26.49,
South Holland,East Midlands,East Mids,443.7,1922.7,23072,18856.43,1571.37,471.41,352,398,440,548,119.41,73.4108,31.41,-76.59,
South Kesteven,East Midlands,East Mids,475.3,2059.63,24716,19973.81,1664.48,499.35,350,445,422,541,149.35,54.3452,77.35,-41.65,
West Lindsey,East Midlands,East Mids,527.9,2287.57,27451,21833.74,1819.48,545.84,..,366,340,441,#VALUE!,179.8436,205.84,104.84,
Northamptonshire,East,East Mids,517.2,2241.2,26894,21455.39,1787.95,536.38,398,369,479,590,138.38,167.3848,57.38,-53.62,
Corby,East,East Mids,467.8,2027.13,24326,19708.61,1642.38,492.72,..,351,439,527,#VALUE!,141.7152,53.72,-34.28,
Daventry,East,East Mids,498,2158,25896,20776.48,1731.37,519.41,405,316,484,598,114.41,203.412,35.41,-78.59,
East Northamptonshire,East,East Mids,564.2,2444.87,29338,23117.31,1926.44,577.93,334,328,426,563,243.93,249.9328,151.93,14.93,
Kettering,East,East Mids,505.5,2190.5,26286,21041.68,1753.47,526.04,361,366,435,536,165.04,160.042,91.04,-9.96,
Northampton,East,East Mids,483.9,2096.9,25163,20277.9,1689.83,506.95,475,373,514,628,31.95,133.9476,-7.05,-121.05,
South Northamptonshire,East,East Mids,613.7,2659.37,31912,24867.63,2072.3,621.69,484,418,576,709,137.69,203.6908,45.69,-87.31,
Wellingborough,East,East Mids,499.5,2164.5,25974,20829.52,1735.79,520.74,334,369,445,554,186.74,151.738,75.74,-33.26,
Nottinghamshire,East Midlands,East Mids,498.2,2158.87,25906,20783.55,1731.96,519.59,343,344,401,493,176.59,175.5888,118.59,26.59,
Ashfield,East Midlands,East Mids,448.9,1945.23,23343,19040.3,1586.69,476.01,..,360,365,451,#VALUE!,116.0076,111.01,25.01,
Bassetlaw,East Midlands,East Mids,506.3,2193.97,26328,21069.97,1755.83,526.75,281,326,356,457,245.75,200.7492,170.75,69.75,
Broxtowe,East Midlands,East Mids,561.6,2433.6,29203,23025.38,1918.78,575.63,..,302,415,528,#VALUE!,273.6344,160.63,47.63,
Gedling,East Midlands,East Mids,516.1,2236.43,26837,21416.5,1784.71,535.41,..,291,429,518,#VALUE!,244.4124,106.41,17.41,
Mansfield,East Midlands,East Mids,435.9,1888.9,22667,18580.62,1548.39,464.52,.,379,374,450,#VALUE!,85.5156,90.52,14.52,
Newark and Sherwood,East Midlands,East Mids,469.8,2035.8,24430,19779.33,1648.28,494.48,279,325,403,497,215.48,169.4832,91.48,-2.52,
Rushcliffe,East Midlands,East Mids,621,2691,32292,25125.76,2093.81,628.14,369,372,446,566,259.14,256.144,182.14,62.14,
WEST MIDLANDS,,West Mids,492.5,2134.17,25610,20582,1715.17,514.55,414,349,484,584,100.55,165.55,30.55,-69.45,
Herefordshire,West Midlands,West Mids,459,1989,23868,19397.44,1616.45,484.94,341,333,453,568,143.94,151.936,31.94,-83.06,
Shropshire,West Midlands,West Mids,491.8,2131.13,25574,20557.25,1713.1,513.93,327,374,430,530,186.93,139.9312,83.93,-16.07,
Stoke-on-Trent,West Midlands,West Mids,433.1,1876.77,22521,18481.62,1540.13,462.04,314,271,388,429,148.04,191.0404,74.04,33.04,
Telford and Wrekin,West Midlands,West Mids,464.4,2012.4,24149,19588.38,1632.37,489.71,336,370,441,542,153.71,119.7096,48.71,-52.29,
Staffordshire,West Midlands,West Mids,506.4,2194.4,26333,21073.5,1756.13,526.84,385,349,427,529,141.84,177.8376,99.84,-2.16,
Cannock Chase,West Midlands,West Mids,490.7,2126.37,25516,20518.35,1709.86,512.96,394,..,396,497,118.96,#VALUE!,116.96,15.96,
East Staffordshire,West Midlands,West Mids,476.2,2063.53,24762,20005.63,1667.14,500.14,368,372,422,520,132.14,128.1408,78.14,-19.86,
Lichfield,West Midlands,West Mids,593.3,2570.97,30852,24146.29,2012.19,603.66,429,420,478,608,174.66,183.6572,125.66,-4.34,
Newcastle-under-Lyme,West Midlands,West Mids,484.8,2100.8,25210,20309.73,1692.48,507.74,..,295,404,492,#VALUE!,212.7432,103.74,15.74,
South Staffordshire,West Midlands,West Mids,545.9,2365.57,28387,22470.22,1872.52,561.76,331,..,466,585,230.76,#VALUE!,95.76,-23.24,
Stafford,West Midlands,West Mids,531.3,2302.3,27628,21953.97,1829.5,548.85,371,381,432,560,177.85,167.8492,116.85,-11.15,
Staffordshire Moorlands,West Midlands,West Mids,498.5,2160.17,25922,20794.16,1732.85,519.85,.,.,383,456,#VALUE!,#VALUE!,136.85,63.85,
Tamworth,West Midlands,West Mids,472,2045.33,24544,19857.12,1654.76,496.43,.,390,479,564,#VALUE!,106.428,17.43,-67.57,
Warwickshire,West Midlands,West Mids,536.6,2325.27,27903,22141.38,1845.11,553.53,455,361,564,710,98.53,192.5344,-10.47,-156.47,
North Warwickshire,West Midlands,West Mids,492.6,2134.6,25615,20585.54,1715.46,514.64,..,411,463,567,#VALUE!,103.6384,51.64,-52.36,
Nuneaton and Bedworth,West Midlands,West Mids,488.7,2117.7,25412,20447.63,1703.97,511.19,356,291,412,517,155.19,220.1908,99.19,-5.81,
Rugby,West Midlands,West Mids,576.4,2497.73,29973,23548.7,1962.39,588.72,449,344,493,609,139.72,244.7176,95.72,-20.28,
Stratford-on-Avon,West Midlands,West Mids,546.3,2367.3,28408,22484.37,1873.7,562.11,437,..,574,727,125.11,#VALUE!,-11.89,-164.89,
Warwick,West Midlands,West Mids,571.6,2476.93,29723,23378.98,1948.25,584.47,503,374,643,843,81.47,210.4744,-58.53,-258.53,
West Midlands,West Midlands,West Mids,492.5,2134.17,25610,20582,1715.17,514.55,414,341,484,584,100.55,173.55,30.55,-69.45,
Birmingham,West Midlands,West Mids,488.2,2115.53,25386,20429.95,1702.5,510.75,462,357,562,675,48.75,153.7488,-51.25,-164.25,
Coventry,West Midlands,West Mids,506.2,2193.53,26322,21066.43,1755.54,526.66,403,332,524,593,123.66,194.6608,2.66,-66.34,
Dudley,West Midlands,West Mids,499.4,2164.07,25969,20825.98,1735.5,520.65,340,285,406,515,180.65,235.6496,114.65,5.65,
Sandwell,West Midlands,West Mids,453,1963,23556,19185.28,1598.77,479.63,366,347,415,508,113.63,132.632,64.63,-28.37,
Solihull,West Midlands,West Mids,593.3,2570.97,30852,24146.29,2012.19,603.66,492,464,558,709,111.66,139.6572,45.66,-105.34,
Walsall,West Midlands,West Mids,475.9,2062.23,24747,19995.02,1666.25,499.88,357,320,399,496,142.88,179.8756,100.88,3.88,
Wolverhampton,West Midlands,West Mids,434.2,1881.53,22578,18520.51,1543.38,463.01,366,327,411,511,97.01,136.0128,52.01,-47.99,
Worcestershire,West Midlands,West Mids,518.8,2248.13,26978,21511.97,1792.66,537.8,373,378,474,602,164.8,159.7992,63.8,-64.2,
Bromsgrove,West Midlands,West Mids,602.6,2611.27,31335,24475.14,2039.59,611.88,..,312,472,623,#VALUE!,299.8784,139.88,-11.12,
Malvern Hills,West Midlands,West Mids,535,2318.33,27820,22084.8,1840.4,552.12,..,405,477,606,#VALUE!,147.12,75.12,-53.88,
Redditch,West Midlands,West Mids,428.9,1858.57,22303,18333.1,1527.76,458.33,364,363,483,616,94.33,95.3276,-24.67,-157.67,
Worcester,West Midlands,West Mids,524.1,2271.1,27253,21699.38,1808.28,542.48,379,402,508,627,163.48,140.4844,34.48,-84.52,
Wychavon,West Midlands,West Mids,522.2,2262.87,27154,21632.19,1802.68,540.8,380,401,493,614,160.8,139.8048,47.8,-73.2,
Wyre Forest,West Midlands,West Mids,500.2,2167.53,26010,20854.27,1737.86,521.36,..,269,414,537,#VALUE!,252.3568,107.36,-15.64,
EAST,,East,551,2387.67,28652,22650.56,1887.55,566.26,501,403,593,733,65.26,163.264,-26.74,-166.74,
Bedford,East,East,553.2,2397.2,28766,22728.35,1894.03,568.21,434,351,534,691,134.21,217.2088,34.21,-122.79,
Central Bedfordshire,East,East,574.8,2490.8,29890,23492.13,1957.68,587.3,528,415,595,763,59.3,172.3032,-7.7,-175.7,
Luton,East,East,495.1,2145.43,25745,20673.94,1722.83,516.85,489,371,619,759,27.85,145.8484,-102.15,-242.15,
Peterborough,East,East,460.6,1995.93,23951,19454.02,1621.17,486.35,430,360,463,574,56.35,126.3504,23.35,-87.65,
Southend-on-Sea,East,East,541.2,2345.2,28142,22304.03,1858.67,557.6,456,376,576,767,101.6,181.6008,-18.4,-209.4,
Thurrock,East,East,563.7,2442.7,29312,23099.63,1924.97,577.49,547,..,657,835,30.49,#VALUE!,-79.51,-257.51,
Cambridgeshire,East,East,556.6,2411.93,28943,22848.58,1904.05,571.21,624,505,569,711,-52.79,66.2144,2.21,-139.79,
Cambridge,East,East,583.3,2527.63,30332,23792.69,1982.72,594.82,767,516,929,"1,227",-172.18,78.8172,-334.18,-632.18,
East Cambridgeshire,East,East,565.6,2450.93,29411,23166.82,1930.57,579.17,.,.,569,698,#VALUE!,#VALUE!,10.17,-118.83,
Fenland,East,East,457.7,1983.37,23800,19351.47,1612.62,483.79,352,383,421,528,131.79,100.7868,62.79,-44.21,
Huntingdonshire,East,East,543.5,2355.17,28262,22385.36,1865.45,559.63,420,377,515,648,139.63,182.634,44.63,-88.37,
South Cambridgeshire,East,East,619.5,2684.5,32214,25072.72,2089.39,626.82,670,539,696,814,-43.18,87.818,-69.18,-187.18,
Essex,East,East,574.9,2491.23,29895,23495.66,1957.97,587.39,483,414,617,772,104.39,173.3916,-29.61,-184.61,
Basildon,East,East,558.8,2421.47,29058,22926.37,1910.53,573.16,..,393,666,856,#VALUE!,180.1592,-92.84,-282.84,
Braintree,East,East,592.1,2565.77,30789,24103.86,2008.65,602.6,434,342,552,705,168.6,260.5964,50.6,-102.4,
Brentwood,East,East,720,3120,37440,28626.4,2385.53,715.66,608,438,840,"1,094",107.66,277.66,-124.34,-378.34,
Castle Point,East,East,565.9,2452.23,29427,23177.42,1931.45,579.44,.,..,635,775,#VALUE!,#VALUE!,-55.56,-195.56,
Chelmsford,East,East,602.6,2611.27,31335,24475.14,2039.59,611.88,508,476,677,851,103.88,135.8784,-65.12,-239.12,
Colchester,East,East,531.6,2303.6,27643,21964.58,1830.38,549.11,435,375,534,675,114.11,174.1144,15.11,-125.89,
Epping Forest,East,East,669.9,2902.9,34835,26854.86,2237.91,671.37,622,..,814,"1,109",49.37,#VALUE!,-142.63,-437.63,
Harlow,East,East,490.7,2126.37,25516,20518.35,1709.86,512.96,538,443,662,835,-25.04,69.9588,-149.04,-322.04,
Maldon,East,East,609.8,2642.47,31710,24729.73,2060.81,618.24,465,.,563,745,153.24,#VALUE!,55.24,-126.76,
Rochford,East,East,577.8,2503.8,30046,23598.21,1966.52,589.96,517,404,626,836,72.96,185.9552,-36.04,-246.04,
Tendring,East,East,493.5,2138.5,25662,20617.36,1718.11,515.43,417,320,477,618,98.43,195.434,38.43,-102.57,
Uttlesford,East,East,605.4,2623.4,31481,24574.14,2047.85,614.35,542,300,655,818,72.35,314.3536,-40.65,-203.65,
Hertfordshire,East,East,614.1,2661.1,31933,24881.78,2073.48,622.04,642,452,767,"1,026",-19.96,170.0444,-144.96,-403.96,
Broxbourne,East,East,615.4,2666.73,32001,24927.74,2077.31,623.19,675,583,747,954,-51.81,40.1936,-123.81,-330.81,
Dacorum,East,East,601.6,2606.93,31283,24439.78,2036.65,610.99,661,403,773,"1,002",-50.01,207.9944,-162.01,-391.01,
East Hertfordshire,East,East,640.6,2775.93,33311,25818.82,2151.57,645.47,603,464,743,974,42.47,181.4704,-97.53,-328.53,
Hertsmere,East,East,551.6,2390.27,28683,22671.78,1889.31,566.79,695,..,866,"1,166",-128.21,#VALUE!,-299.21,-599.21,
North Hertfordshire,East,East,637.3,2761.63,33140,25702.13,2141.84,642.55,441,..,595,761,201.55,#VALUE!,47.55,-118.45,
St Albans,East,East,700.6,3035.93,36431,27940.42,2328.37,698.51,672,..,835,"1,136",26.51,#VALUE!,-136.49,-437.49,
Stevenage,East,East,543.2,2353.87,28246,22374.75,1864.56,559.37,512,401,619,847,47.37,158.3688,-59.63,-287.63,
Three Rivers,East,East,611.1,2648.1,31777,24775.7,2064.64,619.39,.,.,866,"1,248",#VALUE!,#VALUE!,-246.61,-628.61,
Watford,East,East,610.5,2645.5,31746,24754.48,2062.87,618.86,699,530,848,"1,129",-80.14,88.862,-229.14,-510.14,
Welwyn Hatfield,East,East,577.2,2501.2,30014,23576.99,1964.75,589.42,648,331,733,963,-58.58,258.4248,-143.58,-373.58,
Norfolk,East,East,478.4,2073.07,24877,20083.42,1673.62,502.09,383,381,474,575,119.09,121.0856,28.09,-72.91,
Breckland,East,East,457.3,1981.63,23780,19337.33,1611.44,483.43,..,.,458,556,#VALUE!,#VALUE!,25.43,-72.57,
Broadland,East,East,526.7,2282.37,27388,21791.31,1815.94,544.78,..,.,499,590,#VALUE!,#VALUE!,45.78,-45.22,
Great Yarmouth,East,East,448.8,1944.8,23338,19036.77,1586.4,475.92,365,341,415,505,110.92,134.9192,60.92,-29.08,
King's Lynn and West Norfolk,East,East,468.4,2029.73,24357,19729.82,1644.15,493.25,327,..,436,547,166.25,#VALUE!,57.25,-53.75,
North Norfolk,East,East,442,1915.33,22984,18796.32,1566.36,469.91,347,.,431,548,122.91,#VALUE!,38.91,-78.09,
Norwich,East,East,470.1,2037.1,24445,19789.94,1649.16,494.75,426,392,527,632,68.75,102.7484,-32.25,-137.25,
South Norfolk,East,East,533.8,2313.13,27758,22042.37,1836.86,551.06,..,333,460,573,#VALUE!,218.0592,91.06,-21.94,
Suffolk,East,East,499,2162.33,25948,20811.84,1734.32,520.3,412,411,486,621,108.3,109.296,34.3,-100.7,
Babergh,East,East,539.2,2336.53,28038,22233.31,1852.78,555.83,352,..,484,632,203.83,#VALUE!,71.83,-76.17,
Forest Heath,East,East,422.7,1831.7,21980,18113.87,1509.49,452.85,495,456,613,713,-42.15,-3.1532,-160.15,-260.15,
Ipswich,East,East,483.3,2094.3,25132,20256.69,1688.06,506.42,385,387,470,590,121.42,119.4172,36.42,-83.58,
Mid Suffolk,East,East,512.3,2219.97,26640,21282.13,1773.51,532.05,..,388,468,610,#VALUE!,144.0532,64.05,-77.95,
St Edmundsbury,East,East,508.9,2205.23,26463,21161.9,1763.49,529.05,486,448,571,692,43.05,81.0476,-41.95,-162.95,
Suffolk Coastal,East,East,552,2392,28704,22685.92,1890.49,567.15,397,..,452,587,170.15,#VALUE!,115.15,-19.85,
Waveney,East,East,477.1,2067.43,24809,20037.46,1669.79,500.94,355,..,411,523,145.94,#VALUE!,89.94,-22.06,
LONDON,London,London,621.1,2691.43,32297,25129.3,2094.11,628.23,"1,020",607,"1,329","1,685",-391.77,21.2324,-700.77,-1056.77,
Inner London,London,London,643.9,2790.23,33483,25935.5,2161.29,648.39,"1,166",673,"1,524","2,003",-517.61,-24.6124,-875.61,-1354.61,
Camden,London,London,719.8,3119.13,37430,28619.33,2384.94,715.48,"1,146",760,"1,612","2,239",-430.52,-44.5168,-896.52,-1523.52,
City of London,London,London,864.7,3747.03,44964,33546.4,2795.53,838.66,"1,925",.,"2,006","2,928",-1086.34,#VALUE!,-1167.34,-2089.34,
Hackney,London,London,603.4,2614.73,31377,24503.42,2041.95,612.59,"1,176",646,"1,480","1,852",-563.41,-33.4144,-867.41,-1239.41,
Hammersmith and Fulham,London,London,686.1,2973.1,35677,27427.7,2285.64,685.69,992,748,"1,402","1,922",-306.31,-62.3076,-716.31,-1236.31,
Haringey,London,London,576.6,2498.6,29983,23555.78,1962.98,588.89,872,624,"1,222","1,555",-283.11,-35.1056,-633.11,-966.11,
Islington,London,London,670.8,2906.8,34882,26886.69,2240.56,672.17,"1,131",734,"1,542","2,050",-458.83,-61.8328,-869.83,-1377.83,
Kensington and Chelsea,London,London,762.8,3305.47,39666,30139.81,2511.65,753.5,"1,528",813,"2,134","3,177",-774.5,-59.5048,-1380.5,-2423.5,
Lambeth,London,London,621.5,2693.17,32318,25143.44,2095.29,628.59,958,594,"1,335","1,647",-329.41,34.586,-706.41,-1018.41,
Lewisham,London,London,606.4,2627.73,31533,24609.5,2050.79,615.24,826,548,"1,059","1,308",-210.76,67.2376,-443.76,-692.76,
Newham,London,London,505.5,2190.5,26286,21041.68,1753.47,526.04,772,556,"1,102","1,341",-245.96,-29.958,-575.96,-814.96,
Southwark,London,London,644.2,2791.53,33498,25946.11,2162.18,648.65,"1,093",787,"1,341","1,696",-444.35,-138.3472,-692.35,-1047.35,
Tower Hamlets,London,London,637,2760.33,33124,24469.2,2039.1,611.73,"1,258",671,"1,464","1,868",-646.27,-59.27,-852.27,-1256.27,
Wandsworth,London,London,718.5,3113.5,37362,28573.36,2381.11,714.33,983,590,"1,393","1,785",-268.67,124.334,-678.67,-1070.67,
Westminster,London,London,764.4,3312.4,39749,30196.38,2516.37,754.91,"1,500",921,"2,057","2,833",-745.09,-166.0904,-1302.09,-2078.09,
Barking and Dagenham,London,London,534.5,2316.17,27794,22067.12,1838.93,551.68,751,526,848,"1,070",-199.32,25.678,-296.32,-518.32,
Barnet,London,London,629.8,2729.13,32750,25436.93,2119.74,635.92,873,643,"1,117","1,445",-237.08,-7.0768,-481.08,-809.08,
Bexley,London,London,612.7,2655.03,31860,24832.27,2069.36,620.81,600,466,765,"1,005",20.81,154.8068,-144.19,-384.19,
Brent,London,London,551.4,2389.4,28673,22664.7,1888.73,566.62,955,656,"1,218","1,530",-388.38,-89.3824,-651.38,-963.38,
Bromley,London,London,681,2951,35412,27247.36,2270.61,681.18,739,514,924,"1,181",-57.82,167.184,-242.82,-499.82,
Croydon,London,London,602.8,2612.13,31346,24482.21,2040.18,612.06,718,485,895,"1,138",-105.94,127.0552,-282.94,-525.94,
Ealing,London,London,562.2,2436.2,29234,23046.59,1920.55,576.16,856,561,"1,191","1,510",-279.84,15.1648,-614.84,-933.84,
Enfield,London,London,564,2444,29328,23110.24,1925.85,577.76,792,546,983,"1,261",-214.24,31.756,-405.24,-683.24,
Greenwich,London,London,601,2604.33,31252,24418.56,2034.88,610.46,883,488,"1,077","1,326",-272.54,122.464,-466.54,-715.54,
Harrow,London,London,625.7,2711.37,32536,25291.95,2107.66,632.3,779,541,"1,029","1,305",-146.7,91.2988,-396.7,-672.7,
Havering,London,London,626.3,2713.97,32568,25313.17,2109.43,632.83,649,460,801,996,-16.17,172.8292,-168.17,-363.17,
Hillingdon,London,London,605.5,2623.83,31486,24577.68,2048.14,614.44,721,522,922,"1,217",-106.56,92.442,-307.56,-602.56,
Hounslow,London,London,565.7,2451.37,29416,23170.35,1930.86,579.26,836,542,"1,211","1,633",-256.74,37.2588,-631.74,-1053.74,
Kingston upon Thames,London,London,701.9,3041.57,36499,27986.38,2332.2,699.66,830,553,"1,074","1,378",-130.34,146.6596,-374.34,-678.34,
Merton,London,London,622.4,2697.07,32365,25175.26,2097.94,629.38,882,624,"1,174","1,499",-252.62,5.3816,-544.62,-869.62,
Redbridge,London,London,652.5,2827.5,33930,26239.6,2186.63,655.99,760,549,932,"1,168",-104.01,106.99,-276.01,-512.01,
Richmond upon Thames,London,London,744.2,3224.87,38698,29482.11,2456.84,737.05,936,584,"1,257","1,667",-198.95,153.0528,-519.95,-929.95,
Sutton,London,London,605.9,2625.57,31507,24591.82,2049.32,614.8,685,628,875,"1,162",-70.2,-13.2044,-260.2,-547.2,
Waltham Forest,London,London,546.1,2366.43,28397,22477.3,1873.11,561.93,777,575,991,"1,238",-215.07,-13.0676,-429.07,-676.07,
SOUTH EAST,,South East,574.9,2491.23,29895,23495.66,1957.97,587.39,535,289,674,868,52.39,298.3916,-86.61,-280.61,
North Dorset,South,South West,496.3,2150.63,25808,20716.37,1726.36,517.91,368,430,490,620,149.91,87.9092,27.91,-102.09,
Brighton and Hove,South East,South East,546.6,2368.6,28423,22494.98,1874.58,562.37,621,311,834,"1,136",-58.63,251.3744,-271.63,-573.63,
West Oxfordshire,South,South East,566.6,2455.27,29463,23202.18,1933.51,580.05,524,490,649,780,56.05,90.0544,-68.95,-199.95,
Medway,South East,South East,553.7,2399.37,28792,22746.03,1895.5,568.65,449,327,560,683,119.65,241.6508,8.65,-114.35,
Milton Keynes,East,South East,533.6,2312.27,27747,22035.3,1836.27,550.88,497,337,665,827,53.88,213.8824,-114.12,-276.12,
Oxford,South,South East,559,2422.33,29068,22933.44,1911.12,573.34,681,483,914,"1,100",-107.66,90.336,-340.66,-526.66,
Bournemouth,South,South West,481.3,2085.63,25028,20185.97,1682.16,504.65,482,412,602,773,22.65,92.6492,-97.35,-268.35,
Slough,East,South East,540.2,2340.87,28090,22268.67,1855.72,556.72,544,358,729,935,12.72,198.7168,-172.28,-378.28,
Cherwell,South,South East,559.1,2422.77,29073,22936.98,1911.41,573.42,571,478,680,824,2.42,95.4244,-106.58,-250.58,
Poole,South,South West,500.2,2167.53,26010,20854.27,1737.86,521.36,482,410,620,764,39.36,111.3568,-98.64,-242.64,
Oxfordshire,South,South East,578.4,2506.4,30077,23619.42,1968.29,590.49,619,472,784,944,-28.51,118.4856,-193.51,-353.51,
Rushmoor,South,South East,518,2244.67,26936,21483.68,1790.31,537.09,582,418,708,897,-44.91,119.092,-170.91,-359.91,
Buckinghamshire,East,South East,610.6,2645.93,31751,24758.02,2063.17,618.95,575,379,710,942,43.95,239.9504,-91.05,-323.05,
Aylesbury Vale,East,South East,555.4,2406.73,28881,22806.14,1900.51,570.15,506,381,643,797,64.15,189.1536,-72.85,-226.85,
Chiltern,East,South East,692.8,3002.13,36026,27664.61,2305.38,691.62,..,382,814,"1,055",#VALUE!,309.6152,-122.38,-363.38,
South Bucks,East,South East,670.1,2903.77,34845,26861.94,2238.49,671.55,692,387,871,"1,152",-20.45,284.5484,-199.45,-480.45,
Wycombe,East,South East,611.3,2648.97,31788,24782.77,2065.23,619.57,607,388,728,994,12.57,231.5692,-108.43,-374.43,
East Sussex,South East,South East,527.7,2286.7,27440,21826.67,1818.89,545.67,464,389,547,726,81.67,156.6668,-1.33,-180.33,
Eastbourne,South East,South East,522.1,2262.43,27149,21628.66,1802.39,540.72,478,394,570,756,62.72,146.7164,-29.28,-215.28,
Hastings,South East,South East,446.1,1933.1,23197,18941.3,1578.44,473.53,364,394,445,577,109.53,79.5324,28.53,-103.47,
Lewes,South East,South East,553.4,2398.07,28777,22735.42,1894.62,568.39,614,394,683,879,-45.61,174.3856,-114.61,-310.61,
Rother,South East,South East,519.4,2250.73,27009,21533.18,1794.43,538.33,414,397,502,660,124.33,141.3296,36.33,-121.67,
Vale of White Horse,South,South East,600.9,2603.9,31247,24415.02,2034.59,610.38,597,489,748,904,13.38,121.3756,-137.62,-293.62,
Havant,South,South East,520.1,2253.77,27045,21557.94,1796.49,538.95,441,413,590,735,97.95,125.9484,-51.05,-196.05,
Weymouth and Portland,South,South West,491.4,2129.4,25553,20543.1,1711.93,513.58,382,380,504,652,131.58,133.5776,9.58,-138.42,
South Oxfordshire,South,South East,616.9,2673.23,32079,24980.78,2081.73,624.52,576,488,751,972,48.52,136.5196,-126.48,-347.48,
New Forest,South,South East,537,2327,27924,22155.52,1846.29,553.89,497,415,614,793,56.89,138.888,-60.11,-239.11,
Gosport,South,South East,536.1,2323.1,27877,22123.7,1843.64,553.09,491,410,548,681,62.09,143.0924,5.09,-127.91,
Dorset,South,South West,509.1,2206.1,26473,21168.98,1764.08,529.22,410,379,546,689,119.22,150.2244,-16.78,-159.78,
Eastleigh,South,South East,547.8,2373.8,28486,22537.41,1878.12,563.44,446,408,603,764,117.44,155.4352,-39.56,-200.56,
Southampton,South,South East,502.9,2179.23,26151,20949.74,1745.81,523.74,480,360,585,774,43.74,163.7436,-61.26,-250.26,
Fareham,South,South East,575.7,2494.7,29936,23523.95,1960.33,588.1,530,409,616,758,58.1,179.0988,-27.9,-169.9,
Portsmouth,South,South East,513.7,2226.03,26712,21331.63,1777.64,533.29,476,350,571,722,57.29,183.2908,-37.71,-188.71,
East Hampshire,South,South East,579,2509,30108,23640.64,1970.05,591.02,458,406,626,802,133.02,185.016,-34.98,-210.98,
Wealden,South,South East,569.9,2469.57,29635,23318.86,1943.24,582.97,600,397,617,788,-17.03,185.9716,-34.03,-205.03,
Kent,South East,South East,552,2392,28704,22685.92,1890.49,567.15,468,428,559,735,99.15,139.148,8.15,-167.85,
Ashford,South East,South East,548.6,2377.27,28527,22565.7,1880.47,564.14,469,430,588,713,95.14,134.1424,-23.86,-148.86,
Canterbury,South East,South East,583.4,2528.07,30337,23796.22,1983.02,594.91,549,430,646,803,45.91,164.9056,-51.09,-208.09,
Dartford,South East,South East,577.2,2501.2,30014,23576.99,1964.75,589.42,538,432,700,865,51.42,157.4248,-110.58,-275.58,
Dover,South East,South East,498.4,2159.73,25917,20790.62,1732.55,519.77,355,437,430,560,164.77,82.7656,89.77,-40.23,
Gravesham,South East,South East,545,2361.67,28340,22438.4,1869.87,560.96,493,444,604,764,67.96,116.96,-43.04,-203.04,
Maidstone,South East,South East,557.7,2416.7,29000,22887.47,1907.29,572.19,478,449,620,762,94.19,123.1868,-47.81,-189.81,
Sevenoaks,South East,South East,595.5,2580.5,30966,24224.08,2018.67,605.6,591,452,768,"1,035",14.6,153.602,-162.4,-429.4,
Shepway,South East,South East,543.8,2356.47,28278,22395.97,1866.33,559.9,337,461,424,578,222.9,98.8992,135.9,-18.1,
Swale,South East,South East,537.4,2328.73,27945,22169.66,1847.47,554.24,476,463,548,671,78.24,91.2416,6.24,-116.76,
Thanet,South East,South East,439.5,1904.5,22854,18707.92,1558.99,467.7,344,463,426,606,123.7,4.698,41.7,-138.3,
Tonbridge and Malling,South East,South East,640.8,2776.8,33322,25825.89,2152.16,645.65,495,464,691,905,150.65,181.6472,-45.35,-259.35,
Tunbridge Wells,South East,South East,565.1,2448.77,29385,23149.14,1929.09,578.73,515,465,686,950,63.73,113.7284,-107.27,-371.27,
Test Valley,South,South East,603.1,2613.43,31361,24492.82,2041.07,612.32,545,425,637,775,67.32,187.3204,-24.68,-162.68,
Hampshire,South,South East,574.9,2491.23,29895,23495.66,1957.97,587.39,522,399,659,827,65.39,188.3916,-71.61,-239.61,
Isle of Wight,South,South East,479.1,2076.1,24913,20108.18,1675.68,502.7,382,314,452,583,120.7,188.7044,50.7,-80.3,
West Dorset,South,South West,500.3,2167.97,26016,20857.81,1738.15,521.45,435,311,543,665,86.45,210.4452,-21.55,-143.55,
Winchester,South,South East,647.8,2807.13,33686,26073.41,2172.78,651.84,614,428,735,922,37.84,223.8352,-83.16,-270.16,
Reading,South,South East,566.6,2455.27,29463,23202.18,1933.51,580.05,614,352,812,"1,020",-33.95,228.0544,-231.95,-439.95,
Surrey,South East,South East,653.9,2833.57,34003,26289.1,2190.76,657.23,669,495,855,"1,129",-11.77,162.2276,-197.77,-471.77,
Elmbridge,South East,South East,743.6,3222.27,38667,29460.9,2455.07,736.52,696,506,896,"1,236",40.52,230.5224,-159.48,-499.48,
Epsom and Ewell,South East,South East,652,2825.33,33904,26221.92,2185.16,655.55,766,510,968,"1,254",-110.45,145.548,-312.45,-598.45,
Guildford,South East,South East,646.1,2799.77,33597,26013.3,2167.77,650.33,649,511,903,"1,164",1.33,139.3324,-252.67,-513.67,
Mole Valley,South East,South East,597.5,2589.17,31070,24294.8,2024.57,607.37,678,535,855,"1,112",-70.63,72.37,-247.63,-504.63,
Reigate and Banstead,South East,South East,634.6,2749.93,32999,25606.66,2133.89,640.17,616,552,784,"1,045",24.17,88.1664,-143.83,-404.83,
Runnymede,South East,South East,597.9,2590.9,31091,24308.94,2025.75,607.72,675,563,887,"1,166",-67.28,44.7236,-279.28,-558.28,
Spelthorne,South East,South East,658,2851.33,34216,26434.08,2202.84,660.85,696,579,898,"1,156",-35.15,81.852,-237.15,-495.15,
Surrey Heath,South East,South East,654.4,2835.73,34029,26306.78,2192.23,657.67,452,579,728,928,205.67,78.6696,-70.33,-270.33,
Tandridge,South East,South East,636.5,2758.17,33098,25673.84,2139.49,641.85,..,.,807,"1,072",#VALUE!,#VALUE!,-165.15,-430.15,
Waverley,South East,South East,689.8,2989.13,35870,27558.53,2296.54,688.96,656,.,787,"1,047",32.96,#VALUE!,-98.04,-358.04,
Woking,South East,South East,614.9,2664.57,31975,24910.06,2075.84,622.75,749,.,915,"1,194",-126.25,#VALUE!,-292.25,-571.25,
West Sussex,South East,South East,552.7,2395.03,28740,22710.67,1892.56,567.77,506,..,656,859,61.77,#VALUE!,-88.23,-291.23,
Adur,South East,South East,500.4,2168.4,26021,20861.34,1738.45,521.53,559,..,672,849,-37.47,#VALUE!,-150.47,-327.47,
Arun,South East,South East,486.2,2106.87,25282,20359.23,1696.6,508.98,444,..,562,768,64.98,#VALUE!,-53.02,-259.02,
Chichester,South East,South East,540,2340,28080,22261.6,1855.13,556.54,504,..,661,860,52.54,#VALUE!,-104.46,-303.46,
Crawley,South East,South East,544.7,2360.37,28324,22427.79,1868.98,560.69,611,..,771,933,-50.31,#VALUE!,-210.31,-372.31,
Horsham,South East,South East,627.9,2720.9,32651,25369.74,2114.15,634.24,563,..,702,902,71.24,#VALUE!,-67.76,-267.76,
Mid Sussex,South East,South East,615.8,2668.47,32022,24941.89,2078.49,623.55,566,..,700,907,57.55,#VALUE!,-76.45,-283.45,
Worthing,South East,South East,522.3,2263.3,27160,21635.73,1802.98,540.89,476,..,602,818,64.89,#VALUE!,-61.11,-277.11,427.031746
SOUTH WEST,,South West,498.8,2161.47,25938,20804.77,1733.73,520.12,457,386,545,677,63.12,134.1192,-24.88,-156.88,
Bath and North East Somerset,West,South West,522.3,2263.3,27160,21635.73,1802.98,540.89,591,401,727,893,-50.11,139.8932,-186.11,-352.11,
Basingstoke and Deane,South,South East,622.6,2697.93,32375,25182.34,2098.53,629.56,538,400,700,839,91.56,229.5584,-70.44,-209.44,
"Bristol, City of",West,South West,508,2201.33,26416,21130.08,1760.84,528.25,567,394,717,967,-38.75,134.252,-188.75,-438.75,
Cornwall,South West,South West,443.2,1920.53,23046,18838.75,1569.9,470.97,414,331,498,617,56.97,139.9688,-27.03,-146.03,
North Somerset,West,South West,551.8,2391.13,28694,22678.85,1889.9,566.97,411,455,529,668,155.97,111.9712,37.97,-101.03,
Plymouth,South West,South West,485.8,2105.13,25262,20345.09,1695.42,508.63,420,386,491,622,88.63,122.6272,17.63,-113.37,
West Berkshire,South,South East,599.8,2599.13,31190,24376.13,2031.34,609.4,559,370,663,858,50.4,239.4032,-53.6,-248.6,
South Gloucestershire,West,South West,540.5,2342.17,28106,22279.28,1856.61,556.98,479,368,598,726,77.98,188.982,-41.02,-169.02,
Swindon,West,South West,546.9,2369.9,28439,22505.58,1875.47,562.64,489,419,555,650,73.64,143.6396,7.64,-87.36,
Torbay,West,South West,421.6,1826.93,21923,18074.98,1506.25,451.87,362,346,455,601,89.87,105.8744,-3.13,-149.13,
Wiltshire,West,South West,518,2244.67,26936,21483.68,1790.31,537.09,421,416,542,679,116.09,121.092,-4.91,-141.91,
Devon,South West,South West,471,2041,24492,19821.76,1651.81,495.54,400,384,484,612,95.54,111.544,11.54,-116.46,
East Devon,South West,South West,498.9,2161.9,25943,20808.3,1734.03,520.21,415,..,505,642,105.21,#VALUE!,15.21,-121.79,
Exeter,South West,South West,478.1,2071.77,24861,20072.82,1672.73,501.82,502,402,595,750,-0.18,99.8204,-93.18,-248.18,
Mid Devon,South West,South West,479.9,2079.57,24955,20136.46,1678.04,503.41,345,384,441,579,158.41,119.4116,62.41,-75.59,
North Devon,South West,South West,446.8,1936.13,23234,18966.05,1580.5,474.15,366,342,443,573,108.15,132.1512,31.15,-98.85,
South Hams,South West,South West,502.9,2179.23,26151,20949.74,1745.81,523.74,..,435,496,655,#VALUE!,88.7436,27.74,-131.26,
Teignbridge,South West,South West,440.8,1910.13,22922,18753.89,1562.82,468.85,403,425,482,639,65.85,43.8472,-13.15,-170.15,
Torridge,South West,South West,453.1,1963.43,23561,19188.82,1599.07,479.72,332,..,421,528,147.72,#VALUE!,58.72,-48.28,
West Devon,South West,South West,475.7,2061.37,24736,19987.95,1665.66,499.7,356,390,460,570,143.7,109.6988,39.7,-70.3,
Bracknell Forest,South,South East,586.4,2541.07,30493,23902.3,1991.86,597.56,..,306,747,937,#VALUE!,291.5576,-149.44,-339.44,
Hart,South,South East,708.1,3068.43,36821,28205.62,2350.47,705.14,576,412,714,917,129.14,293.1404,-8.86,-211.86,
Wokingham,South,South East,679.2,2943.2,35318,27183.71,2265.31,679.59,519,373,753,"1,024",160.59,306.5928,-73.41,-344.41,
Windsor and Maidenhead,South,South East,694.5,3009.5,36114,27724.72,2310.39,693.12,581,372,856,"1,181",112.12,321.118,-162.88,-487.88,
Purbeck,South,South West,464.1,2011.1,24133,19577.78,1631.48,489.44,..,.,566,697,#VALUE!,#VALUE!,-76.56,-207.56,
East Dorset,South,South West,548.2,2375.53,28506,22551.55,1879.3,563.79,468,..,617,780,95.79,#VALUE!,-53.21,-216.21,
Christchurch,South,South West,597.3,2588.3,31060,24287.73,2023.98,607.19,430,..,636,780,177.19,#VALUE!,-28.81,-172.81,
Gloucestershire,West,South West,524.9,2274.57,27295,21727.66,1810.64,543.19,389,376,505,656,154.19,167.1916,38.19,-112.81,
Cheltenham,West,South West,546.8,2369.47,28434,22502.05,1875.17,562.55,409,362,564,760,153.55,200.5512,-1.45,-197.45,
Cotswold,West,South West,532.6,2307.93,27695,21999.94,1833.33,550,..,..,590,763,#VALUE!,#VALUE!,-40,-213,
Forest of Dean,West,South West,524.4,2272.4,27269,21709.98,1809.17,542.75,..,.,431,542,#VALUE!,#VALUE!,111.75,0.75,
Gloucester,West,South West,477.1,2067.43,24809,20037.46,1669.79,500.94,378,383,459,587,122.94,117.9364,41.94,-86.06,
Stroud,West,South West,525.7,2278.03,27336,21755.95,1813,543.9,368,..,494,643,175.9,#VALUE!,49.9,-99.1,
Tewkesbury,West,South West,565.8,2451.8,29422,23173.89,1931.16,579.35,355,..,479,632,224.35,#VALUE!,100.35,-52.65,
Somerset,West,South West,479.1,2076.1,24913,20108.18,1675.68,502.7,361,354,450,583,141.7,148.7044,52.7,-80.3,
Mendip,West,South West,521,2257.67,27092,21589.76,1799.15,539.74,359,362,464,609,180.74,177.744,75.74,-69.26,
Sedgemoor,West,South West,466.8,2022.8,24274,19673.25,1639.44,491.83,361,418,437,554,130.83,73.8312,54.83,-62.17,
South Somerset,West,South West,456.4,1977.73,23733,19305.5,1608.79,482.64,358,349,442,580,124.64,133.6376,40.64,-97.36,
Taunton Deane,West,South West,489.3,2120.3,25444,20468.85,1705.74,511.72,359,337,456,590,152.72,174.7212,55.72,-78.28,